1,2,3,4,5,6,7,8,9,10,max_disp,image_path
D:\Dropbox\HKU_202526S1_ARCH7378\Scripts\D_Project\FormfindEarth\save_folder\screenshot_1.jpg
_2.jpg
D:\Dropbox\HKU_202526S1_ARCH7378\Scripts\D_Project\FormfindEarth\save_folder\screenshot_3.jpg
D:\Dropbox\HKU_202526S1_ARCH7378\Scripts\D_Project\FormfindEarth\save_folder\screenshot_3.jpg
D:\Dropbox\HKU_202526S1_ARCH7378\Scripts\D_Project\FormfindEarth\save_folder\screenshot_3.jpg
7.0,D:\Dropbox\HKU_202526S1_ARCH7378\Scripts\D_Project\FormfindEarth\save_folder\screenshot_3.jpg
7.0,76385.3920976,D:\Dropbox\HKU_202526S1_ARCH7378\Scripts\D_Project\FormfindEarth\save_folder\screenshot_3.jpg
7.0,76385.3920976,D:\Dropbox\HKU_202526S1_ARCH7378\Scripts\D_Project\FormfindEarth\save_folder\screenshot_3.jpg
7.0,76385.3920976,D:\Dropbox\HKU_202526S1_ARCH7378\Scripts\D_Project\FormfindEarth\save_folder\screenshot_4.jpg
7.0,76385.3920976,D:\Dropbox\HKU_202526S1_ARCH7378\Scripts\D_Project\FormfindEarth\save_folder\screenshot_4.jpg
7.0,76385.3920976,D:\Dropbox\HKU_202526S1_ARCH7378\Scripts\D_Project\FormfindEarth\save_folder\screenshot_4.jpg
