X1,Y1,X2,Y2,X3,Y3,X4,Y4,X5,Y5,material_consumption
0.0,0.0,0.5,-0.150799,1.0,0.0,0.231328,-0.823888,0.8,-0.7,4.96
0.0,0.0,0.5,-0.233554,1.0,0.0,0.121249,-0.581451,0.8,-0.7,4.55
0.0,0.0,0.5,-0.019794,1.0,0.0,0.0498,-0.481008,0.8,-0.7,4.766
0.0,0.0,0.5,0.162962,1.0,0.0,0.295514,-0.880906,0.8,-0.7,5.68
0.0,0.0,0.5,0.094511,1.0,0.0,0.032701,-0.663706,0.8,-0.7,5.348999999999999
0.0,0.0,0.5,-0.04033,1.0,0.0,0.092004,-0.891653,0.8,-0.7,5.47
0.0,0.0,0.5,-0.08755,1.0,0.0,0.240642,-0.849882,0.8,-0.7,5.104
0.0,0.0,0.5,0.266317,1.0,0.0,0.133664,-0.431661,0.8,-0.7,5.254
0.0,0.0,0.5,-0.23924,1.0,0.0,0.067495,-0.79078,0.8,-0.7,5.024
0.0,0.0,0.5,0.085473,1.0,0.0,0.003362,-0.772025,0.8,-0.7,5.597
0.0,0.0,0.5,-0.282818,1.0,0.0,0.22961,-0.698741,0.8,-0.7,4.56
0.0,0.0,0.5,-0.151183,1.0,0.0,0.008623,-0.514325,0.8,-0.7,4.715999999999999
0.0,0.0,0.5,-0.107934,1.0,0.0,0.002268,-0.582993,0.8,-0.7,4.885
0.0,0.0,0.5,0.29386,1.0,0.0,0.153007,-0.981833,0.8,-0.7,6.468
0.0,0.0,0.5,0.109274,1.0,0.0,0.114628,-0.95076,0.8,-0.7,5.906
0.0,0.0,0.5,0.092933,1.0,0.0,0.083823,-0.457642,0.8,-0.7,4.899
0.0,0.0,0.5,-0.130362,1.0,0.0,0.210926,-0.925932,0.8,-0.7,5.255
0.0,0.0,0.5,0.069208,1.0,0.0,0.070604,-0.486793,0.8,-0.7,4.913
0.0,0.0,0.5,0.122551,1.0,0.0,0.219397,-0.544965,0.8,-0.7,4.944
0.0,0.0,0.5,0.121078,1.0,0.0,0.0267,-0.714276,0.8,-0.7,5.524
0.0,0.0,0.5,0.269867,1.0,0.0,0.024795,-0.870688,0.8,-0.7,6.286
0.0,0.0,0.5,-0.243967,1.0,0.0,0.101618,-0.649563,0.8,-0.7,4.69
0.0,0.0,0.5,-0.203456,1.0,0.0,0.098974,-0.70065,0.8,-0.7,4.824
0.0,0.0,0.5,-0.070817,1.0,0.0,0.219395,-0.951602,0.8,-0.7,5.404
0.0,0.0,0.5,0.178769,1.0,0.0,0.268786,-0.403625,0.8,-0.7,4.827
0.0,0.0,0.5,-0.19832,1.0,0.0,0.243795,-0.7265,0.8,-0.7,4.675000000000001
0.0,0.0,0.5,0.17627,1.0,0.0,0.196065,-0.692012,0.8,-0.7,5.392
0.0,0.0,0.5,-0.115663,1.0,0.0,0.278051,-0.672134,0.8,-0.7,4.634
0.0,0.0,0.5,0.193817,1.0,0.0,0.029772,-0.774727,0.8,-0.7,5.839
0.0,0.0,0.5,0.231882,1.0,0.0,0.207549,-0.701687,0.8,-0.7,5.558999999999999
0.0,0.0,0.5,0.033781,1.0,0.0,0.277644,-0.823205,0.8,-0.7,5.235
0.0,0.0,0.5,0.13004,1.0,0.0,0.294042,-0.853871,0.8,-0.7,5.526
0.0,0.0,0.5,0.119577,1.0,0.0,0.030426,-0.697874,0.8,-0.7,5.481
0.0,0.0,0.5,-0.291831,1.0,0.0,0.011606,-0.961747,0.8,-0.7,5.453
0.0,0.0,0.5,0.295126,1.0,0.0,0.102316,-0.58586,0.8,-0.7,5.652
0.0,0.0,0.5,0.183781,1.0,0.0,0.254892,-0.464213,0.8,-0.7,4.941
0.0,0.0,0.5,0.215246,1.0,0.0,0.206128,-0.690735,0.8,-0.7,5.489
0.0,0.0,0.5,-0.262498,1.0,0.0,0.223201,-0.744699,0.8,-0.7,4.675999999999999
0.0,0.0,0.5,0.008636,1.0,0.0,0.205694,-0.485861,0.8,-0.7,4.603000000000001
0.0,0.0,0.5,0.015155,1.0,0.0,0.027918,-0.603481,0.8,-0.7,5.073
0.0,0.0,0.5,-0.136305,1.0,0.0,0.012156,-0.51507,0.8,-0.7,4.726
0.0,0.0,0.5,0.296278,1.0,0.0,0.081486,-0.670334,0.8,-0.7,5.8500000000000005
0.0,0.0,0.5,0.114663,1.0,0.0,0.078975,-0.498761,0.8,-0.7,5.024
0.0,0.0,0.5,-0.068031,1.0,0.0,0.149934,-0.632234,0.8,-0.7,4.79
0.0,0.0,0.5,-0.0394,1.0,0.0,0.288471,-0.706716,0.8,-0.7,4.819999999999999
0.0,0.0,0.5,0.105243,1.0,0.0,0.166814,-0.737989,0.8,-0.7,5.337
0.0,0.0,0.5,0.106429,1.0,0.0,0.005281,-0.785305,0.8,-0.7,5.672
0.0,0.0,0.5,-0.016275,1.0,0.0,0.146562,-0.697476,0.8,-0.7,5.012
0.0,0.0,0.5,-0.153289,1.0,0.0,0.102664,-0.736056,0.8,-0.7,4.942
0.0,0.0,0.5,-0.08791,1.0,0.0,0.145696,-0.629306,0.8,-0.7,4.759
0.0,0.0,0.5,0.015752,1.0,0.0,0.19273,-0.544833,0.8,-0.7,4.729
0.0,0.0,0.5,-0.198344,1.0,0.0,0.186038,-0.957503,0.8,-0.7,5.276000000000001
0.0,0.0,0.5,-0.092047,1.0,0.0,0.022004,-0.519938,0.8,-0.7,4.767
0.0,0.0,0.5,0.115017,1.0,0.0,0.268627,-0.940511,0.8,-0.7,5.726
0.0,0.0,0.5,-0.062914,1.0,0.0,0.178612,-0.522639,0.8,-0.7,4.567
0.0,0.0,0.5,-0.206832,1.0,0.0,0.129711,-0.574326,0.8,-0.7,4.545999999999999
0.0,0.0,0.5,0.269902,1.0,0.0,0.022275,-0.880802,0.8,-0.7,6.313
0.0,0.0,0.5,-0.248976,1.0,0.0,0.130405,-0.529406,0.8,-0.7,4.445
0.0,0.0,0.5,0.284194,1.0,0.0,0.026728,-0.877281,0.8,-0.7,6.343
0.0,0.0,0.5,-0.007169,1.0,0.0,0.088906,-0.937206,0.8,-0.7,5.646
0.0,0.0,0.5,0.083399,1.0,0.0,0.19594,-0.599641,0.8,-0.7,4.972
0.0,0.0,0.5,-0.271887,1.0,0.0,0.262591,-0.577748,0.8,-0.7,4.309
0.0,0.0,0.5,-0.2275,1.0,0.0,0.103892,-0.656934,0.8,-0.7,4.713
0.0,0.0,0.5,-0.171122,1.0,0.0,0.159946,-0.489093,0.8,-0.7,4.401000000000001
0.0,0.0,0.5,-0.248308,1.0,0.0,0.025718,-0.94882,0.8,-0.7,5.433000000000001
0.0,0.0,0.5,-0.112858,1.0,0.0,0.235568,-0.84487,0.8,-0.7,5.058
0.0,0.0,0.5,0.02924,1.0,0.0,0.278197,-0.816451,0.8,-0.7,5.2090000000000005
0.0,0.0,0.5,-0.116103,1.0,0.0,0.290663,-0.621246,0.8,-0.7,4.523
0.0,0.0,0.5,0.298735,1.0,0.0,0.05069,-0.795973,0.8,-0.7,6.169
0.0,0.0,0.5,0.225493,1.0,0.0,0.159737,-0.886546,0.8,-0.7,6.013
0.0,0.0,0.5,0.177687,1.0,0.0,0.177695,-0.766908,0.8,-0.7,5.577
0.0,0.0,0.5,-0.167864,1.0,0.0,0.287726,-0.581232,0.8,-0.7,4.386
0.0,0.0,0.5,-0.239428,1.0,0.0,0.16491,-0.400932,0.8,-0.7,4.235
0.0,0.0,0.5,-0.192604,1.0,0.0,0.191478,-0.941483,0.8,-0.7,5.236
0.0,0.0,0.5,-0.042617,1.0,0.0,0.014544,-0.599206,0.8,-0.7,4.986
0.0,0.0,0.5,0.273589,1.0,0.0,0.243309,-0.600355,0.8,-0.7,5.45
0.0,0.0,0.5,-0.05863,1.0,0.0,0.022642,-0.550802,0.8,-0.7,4.863
0.0,0.0,0.5,0.164575,1.0,0.0,0.24904,-0.468416,0.8,-0.7,4.9
0.0,0.0,0.5,0.268582,1.0,0.0,0.230924,-0.644886,0.8,-0.7,5.532
0.0,0.0,0.5,-0.226475,1.0,0.0,0.101972,-0.665636,0.8,-0.7,4.732
0.0,0.0,0.5,-0.004749,1.0,0.0,0.238514,-0.941195,0.8,-0.7,5.481
0.0,0.0,0.5,-0.107455,1.0,0.0,0.049502,-0.994536,0.8,-0.7,5.668
0.0,0.0,0.5,-0.262374,1.0,0.0,0.175387,-0.936077,0.8,-0.7,5.172000000000001
0.0,0.0,0.5,-0.018273,1.0,0.0,0.184076,-0.545421,0.8,-0.7,4.675000000000001
0.0,0.0,0.5,-0.08387,1.0,0.0,0.014819,-0.556854,0.8,-0.7,4.851
0.0,0.0,0.5,-0.067875,1.0,0.0,0.091606,-0.865702,0.8,-0.7,5.363
0.0,0.0,0.5,-0.077912,1.0,0.0,0.272039,-0.733933,0.8,-0.7,4.8260000000000005
0.0,0.0,0.5,-0.295439,1.0,0.0,0.061799,-0.757363,0.8,-0.7,4.927
0.0,0.0,0.5,0.071083,1.0,0.0,0.132994,-0.839108,0.8,-0.7,5.522
0.0,0.0,0.5,0.201958,1.0,0.0,0.272606,-0.411534,0.8,-0.7,4.901
0.0,0.0,0.5,0.213879,1.0,0.0,0.232617,-0.583412,0.8,-0.7,5.248
0.0,0.0,0.5,0.164222,1.0,0.0,0.075723,-0.561329,0.8,-0.7,5.263999999999999
0.0,0.0,0.5,-0.246692,1.0,0.0,0.196473,-0.867418,0.8,-0.7,4.996
0.0,0.0,0.5,-0.284195,1.0,0.0,0.116787,-0.548656,0.8,-0.7,4.478000000000001
0.0,0.0,0.5,0.231756,1.0,0.0,0.131979,-0.40384,0.8,-0.7,5.111
0.0,0.0,0.5,-0.164418,1.0,0.0,0.049565,-0.937322,0.8,-0.7,5.454
0.0,0.0,0.5,0.223778,1.0,0.0,0.277594,-0.4134,0.8,-0.7,4.963
0.0,0.0,0.5,-0.014215,1.0,0.0,0.219029,-0.409668,0.8,-0.7,4.433000000000001
0.0,0.0,0.5,-0.119723,1.0,0.0,0.124216,-0.683414,0.8,-0.7,4.848
0.0,0.0,0.5,-0.226541,1.0,0.0,0.052903,-0.861847,0.8,-0.7,5.211
0.0,0.0,0.5,-0.223997,1.0,0.0,0.188617,-0.921537,0.8,-0.7,5.156
0.0,0.0,0.5,-0.077468,1.0,0.0,0.014618,-0.564059,0.8,-0.7,4.872
0.0,0.0,0.5,-0.01501,1.0,0.0,0.095872,-0.901503,0.8,-0.7,5.535
0.0,0.0,0.5,-0.078782,1.0,0.0,0.242927,-0.84951,0.8,-0.7,5.114999999999999
0.0,0.0,0.5,0.034404,1.0,0.0,0.268001,-0.862399,0.8,-0.7,5.339
0.0,0.0,0.5,-0.116384,1.0,0.0,0.205004,-0.963601,0.8,-0.7,5.377
0.0,0.0,0.5,-0.258915,1.0,0.0,0.021128,-0.956572,0.8,-0.7,5.449
0.0,0.0,0.5,-0.199443,1.0,0.0,0.130525,-0.578455,0.8,-0.7,4.558000000000001
0.0,0.0,0.5,-0.142366,1.0,0.0,0.254082,-0.741304,0.8,-0.7,4.763
0.0,0.0,0.5,-0.036503,1.0,0.0,0.235303,-0.922284,0.8,-0.7,5.375
0.0,0.0,0.5,0.151798,1.0,0.0,0.107068,-0.423524,0.8,-0.7,4.955
0.0,0.0,0.5,-0.194673,1.0,0.0,0.073235,-0.812386,0.8,-0.7,5.101
0.0,0.0,0.5,-0.217559,1.0,0.0,0.19948,-0.88452,0.8,-0.7,5.061000000000001
0.0,0.0,0.5,0.210669,1.0,0.0,0.224756,-0.611646,0.8,-0.7,5.299
0.0,0.0,0.5,0.29758,1.0,0.0,0.150392,-0.996011,0.8,-0.7,6.52
0.0,0.0,0.5,-0.109146,1.0,0.0,0.146437,-0.605105,0.8,-0.7,4.683
0.0,0.0,0.5,0.290488,1.0,0.0,0.087204,-0.641671,0.8,-0.7,5.766
0.0,0.0,0.5,0.090774,1.0,0.0,0.219815,-0.511513,0.8,-0.7,4.808
0.0,0.0,0.5,0.212748,1.0,0.0,0.145127,-0.93224,0.8,-0.7,6.104
0.0,0.0,0.5,0.119567,1.0,0.0,0.234112,-0.483118,0.8,-0.7,4.819
0.0,0.0,0.5,0.265054,1.0,0.0,0.263529,-0.510937,0.8,-0.7,5.248
0.0,0.0,0.5,0.024679,1.0,0.0,0.216398,-0.459088,0.8,-0.7,4.582
0.0,0.0,0.5,0.112815,1.0,0.0,0.157669,-0.782138,0.8,-0.7,5.463
0.0,0.0,0.5,-0.203223,1.0,0.0,0.078085,-0.784439,0.8,-0.7,5.026
0.0,0.0,0.5,-0.288386,1.0,0.0,0.22712,-0.703135,0.8,-0.7,4.568
0.0,0.0,0.5,-0.286536,1.0,0.0,0.101971,-0.605579,0.8,-0.7,4.590000000000001
0.0,0.0,0.5,-0.221173,1.0,0.0,0.091253,-0.713814,0.8,-0.7,4.845000000000001
0.0,0.0,0.5,-0.255234,1.0,0.0,0.048123,-0.852276,0.8,-0.7,5.173
0.0,0.0,0.5,-0.12436,1.0,0.0,0.059499,-0.937643,0.8,-0.7,5.492
0.0,0.0,0.5,-0.178199,1.0,0.0,0.264979,-0.661885,0.8,-0.7,4.545000000000001
0.0,0.0,0.5,-0.250188,1.0,0.0,0.265714,-0.586955,0.8,-0.7,4.337
0.0,0.0,0.5,0.255586,1.0,0.0,0.103613,-0.541134,0.8,-0.7,5.446000000000001
0.0,0.0,0.5,-0.015702,1.0,0.0,0.124824,-0.785002,0.8,-0.7,5.228
0.0,0.0,0.5,0.195124,1.0,0.0,0.178021,-0.783039,0.8,-0.7,5.662000000000001
0.0,0.0,0.5,0.297522,1.0,0.0,0.213356,-0.744098,0.8,-0.7,5.847
0.0,0.0,0.5,-0.22728,1.0,0.0,0.223896,-0.777135,0.8,-0.7,4.776
0.0,0.0,0.5,0.207555,1.0,0.0,0.253631,-0.493033,0.8,-0.7,5.055
0.0,0.0,0.5,0.116407,1.0,0.0,0.23246,-0.486567,0.8,-0.7,4.8180000000000005
0.0,0.0,0.5,0.247323,1.0,0.0,0.216075,-0.683022,0.8,-0.7,5.558
0.0,0.0,0.5,-0.267486,1.0,0.0,0.109815,-0.593253,0.8,-0.7,4.566
0.0,0.0,0.5,-0.10896,1.0,0.0,0.070477,-0.909131,0.8,-0.7,5.43
0.0,0.0,0.5,-0.178469,1.0,0.0,0.141513,-0.555478,0.8,-0.7,4.523
0.0,0.0,0.5,0.146926,1.0,0.0,0.107717,-0.416059,0.8,-0.7,4.930000000000001
0.0,0.0,0.5,-0.192414,1.0,0.0,0.19769,-0.916824,0.8,-0.7,5.168
0.0,0.0,0.5,-0.24984,1.0,0.0,0.165537,-0.98801,0.8,-0.7,5.325
0.0,0.0,0.5,0.108552,1.0,0.0,0.159381,-0.771026,0.8,-0.7,5.426
0.0,0.0,0.5,0.081781,1.0,0.0,0.176243,-0.676809,0.8,-0.7,5.141
0.0,0.0,0.5,-0.15736,1.0,0.0,0.271717,-0.655772,0.8,-0.7,4.551
0.0,0.0,0.5,-0.281775,1.0,0.0,0.266395,-0.552645,0.8,-0.7,4.258
0.0,0.0,0.5,0.040902,1.0,0.0,0.285542,-0.798735,0.8,-0.7,5.186999999999999
0.0,0.0,0.5,-0.154906,1.0,0.0,0.262361,-0.695651,0.8,-0.7,4.643000000000001
0.0,0.0,0.5,-0.166996,1.0,0.0,0.057779,-0.901887,0.8,-0.7,5.356
0.0,0.0,0.5,0.073036,1.0,0.0,0.073902,-0.477428,0.8,-0.7,4.901
0.0,0.0,0.5,0.06071,1.0,0.0,0.190104,-0.600296,0.8,-0.7,4.928
0.0,0.0,0.5,-0.191595,1.0,0.0,0.089374,-0.75091,0.8,-0.7,4.95
0.0,0.0,0.5,0.051324,1.0,0.0,0.272219,-0.862449,0.8,-0.7,5.373
0.0,0.0,0.5,0.109717,1.0,0.0,0.156949,-0.781921,0.8,-0.7,5.456
0.0,0.0,0.5,-0.111787,1.0,0.0,0.017787,-0.517064,0.8,-0.7,4.746
0.0,0.0,0.5,-0.090396,1.0,0.0,0.015807,-0.546375,0.8,-0.7,4.823
0.0,0.0,0.5,0.02094,1.0,0.0,0.16603,-0.65682,0.8,-0.7,4.979
0.0,0.0,0.5,-0.195211,1.0,0.0,0.11375,-0.649787,0.8,-0.7,4.712
0.0,0.0,0.5,0.296318,1.0,0.0,0.273006,-0.504296,0.8,-0.7,5.328
0.0,0.0,0.5,0.224916,1.0,0.0,0.071026,-0.640812,0.8,-0.7,5.589
0.0,0.0,0.5,-0.264167,1.0,0.0,0.289103,-0.47942,0.8,-0.7,4.139
0.0,0.0,0.5,-0.086315,1.0,0.0,0.269589,-0.735329,0.8,-0.7,4.817
0.0,0.0,0.5,0.196212,1.0,0.0,0.003455,-0.88239,0.8,-0.7,6.128
0.0,0.0,0.5,0.121029,1.0,0.0,0.248411,-0.427384,0.8,-0.7,4.724
0.0,0.0,0.5,-0.112682,1.0,0.0,0.021459,-0.501481,0.8,-0.7,4.714
0.0,0.0,0.5,0.213147,1.0,0.0,0.0114,-0.867547,0.8,-0.7,6.13
0.0,0.0,0.5,0.22486,1.0,0.0,0.226496,-0.618876,0.8,-0.7,5.353
0.0,0.0,0.5,-0.016701,1.0,0.0,0.192807,-0.512072,0.8,-0.7,4.612
0.0,0.0,0.5,-0.12592,1.0,0.0,0.154744,-0.555104,0.8,-0.7,4.563000000000001
0.0,0.0,0.5,0.143451,1.0,0.0,0.00374,-0.828491,0.8,-0.7,5.862
0.0,0.0,0.5,0.180234,1.0,0.0,0.035312,-0.738987,0.8,-0.7,5.717
0.0,0.0,0.5,-0.071473,1.0,0.0,0.163635,-0.573987,0.8,-0.7,4.66
0.0,0.0,0.5,0.143523,1.0,0.0,0.122016,-0.955459,0.8,-0.7,5.996
0.0,0.0,0.5,0.177753,1.0,0.0,0.108681,-0.44303,0.8,-0.7,5.051
0.0,0.0,0.5,0.005228,1.0,0.0,0.259979,-0.865314,0.8,-0.7,5.292
0.0,0.0,0.5,-0.253383,1.0,0.0,0.212547,-0.796429,0.8,-0.7,4.808
0.0,0.0,0.5,-0.096938,1.0,0.0,0.067738,-0.932109,0.8,-0.7,5.507
0.0,0.0,0.5,-0.068317,1.0,0.0,0.225728,-0.928769,0.8,-0.7,5.343999999999999
0.0,0.0,0.5,0.236188,1.0,0.0,0.119536,-0.458042,0.8,-0.7,5.225
0.0,0.0,0.5,-0.273459,1.0,0.0,0.081728,-0.699631,0.8,-0.7,4.795
0.0,0.0,0.5,0.134739,1.0,0.0,0.073958,-0.538908,0.8,-0.7,5.15
0.0,0.0,0.5,0.276707,1.0,0.0,0.002618,-0.966234,0.8,-0.7,6.567
0.0,0.0,0.5,0.216808,1.0,0.0,0.207935,-0.685068,0.8,-0.7,5.48
0.0,0.0,0.5,-0.117451,1.0,0.0,0.029711,-0.463705,0.8,-0.7,4.638
0.0,0.0,0.5,0.223587,1.0,0.0,0.23472,-0.584706,0.8,-0.7,5.276999999999999
0.0,0.0,0.5,0.086719,1.0,0.0,0.088647,-0.432129,0.8,-0.7,4.838
0.0,0.0,0.5,-0.053802,1.0,0.0,0.241137,-0.88165,0.8,-0.7,5.237
0.0,0.0,0.5,-0.036997,1.0,0.0,0.066947,-0.995214,0.8,-0.7,5.762
0.0,0.0,0.5,0.019342,1.0,0.0,0.235843,-0.975969,0.8,-0.7,5.623
0.0,0.0,0.5,-0.093197,1.0,0.0,0.216653,-0.940192,0.8,-0.7,5.341
0.0,0.0,0.5,-0.073617,1.0,0.0,0.050045,-0.426202,0.8,-0.7,4.603000000000001
0.0,0.0,0.5,0.227725,1.0,0.0,0.296065,-0.943466,0.8,-0.7,6.024
0.0,0.0,0.5,-0.105278,1.0,0.0,0.097472,-0.804835,0.8,-0.7,5.159999999999999
0.0,0.0,0.5,-0.103385,1.0,0.0,0.070487,-0.914666,0.8,-0.7,5.452
0.0,0.0,0.5,0.111094,1.0,0.0,0.118614,-0.936639,0.8,-0.7,5.87
0.0,0.0,0.5,0.193901,1.0,0.0,0.228101,-0.581495,0.8,-0.7,5.191999999999999
0.0,0.0,0.5,-0.146052,1.0,0.0,0.162082,-0.50562,0.8,-0.7,4.449
0.0,0.0,0.5,0.287522,1.0,0.0,0.21097,-0.743642,0.8,-0.7,5.817
0.0,0.0,0.5,-0.105537,1.0,0.0,0.154784,-0.575328,0.8,-0.7,4.624
0.0,0.0,0.5,-0.070507,1.0,0.0,0.260317,-0.788225,0.8,-0.7,4.969
0.0,0.0,0.5,-0.206635,1.0,0.0,0.039899,-0.933769,0.8,-0.7,5.414000000000001
0.0,0.0,0.5,-0.242397,1.0,0.0,0.092735,-0.686662,0.8,-0.7,4.774
0.0,0.0,0.5,0.271014,1.0,0.0,0.107617,-0.540547,0.8,-0.7,5.487
0.0,0.0,0.5,-0.010447,1.0,0.0,0.054039,-0.473396,0.8,-0.7,4.763
0.0,0.0,0.5,0.192803,1.0,0.0,0.03859,-0.738441,0.8,-0.7,5.745
0.0,0.0,0.5,-0.167816,1.0,0.0,0.026469,-0.426309,0.8,-0.7,4.547
0.0,0.0,0.5,-0.035118,1.0,0.0,0.267358,-0.795451,0.8,-0.7,5.041
0.0,0.0,0.5,0.173571,1.0,0.0,0.163538,-0.819419,0.8,-0.7,5.7010000000000005
0.0,0.0,0.5,-0.195512,1.0,0.0,0.19697,-0.916608,0.8,-0.7,5.165
0.0,0.0,0.5,-0.158404,1.0,0.0,0.10524,-0.720635,0.8,-0.7,4.901
0.0,0.0,0.5,-0.293458,1.0,0.0,0.248069,-0.614267,0.8,-0.7,4.3740000000000006
0.0,0.0,0.5,-0.210744,1.0,0.0,0.240301,-0.728051,0.8,-0.7,4.6690000000000005
0.0,0.0,0.5,-0.131399,1.0,0.0,0.294214,-0.591745,0.8,-0.7,4.445
0.0,0.0,0.5,0.269777,1.0,0.0,0.191278,-0.804665,0.8,-0.7,5.919
0.0,0.0,0.5,-0.209823,1.0,0.0,0.297068,-0.501904,0.8,-0.7,4.205
0.0,0.0,0.5,-0.240874,1.0,0.0,0.286485,-0.513185,0.8,-0.7,4.205
0.0,0.0,0.5,-0.003123,1.0,0.0,0.061654,-0.45026,0.8,-0.7,4.727
0.0,0.0,0.5,0.013662,1.0,0.0,0.273744,-0.818685,0.8,-0.7,5.1850000000000005
0.0,0.0,0.5,0.197442,1.0,0.0,0.013691,-0.842678,0.8,-0.7,6.025
0.0,0.0,0.5,0.100599,1.0,0.0,0.232812,-0.469351,0.8,-0.7,4.751
0.0,0.0,0.5,-0.033052,1.0,0.0,0.070263,-0.985898,0.8,-0.7,5.741
0.0,0.0,0.5,-0.038143,1.0,0.0,0.159549,-0.623662,0.8,-0.7,4.811
0.0,0.0,0.5,0.263957,1.0,0.0,0.256963,-0.536103,0.8,-0.7,5.292
0.0,0.0,0.5,0.267277,1.0,0.0,0.238091,-0.614911,0.8,-0.7,5.462
0.0,0.0,0.5,-0.082932,1.0,0.0,0.253695,-0.802289,0.8,-0.7,4.987
0.0,0.0,0.5,0.252508,1.0,0.0,0.039247,-0.795521,0.8,-0.7,6.041
0.0,0.0,0.5,-0.266195,1.0,0.0,0.066163,-0.769152,0.8,-0.7,4.961
0.0,0.0,0.5,-0.053092,1.0,0.0,0.051529,-0.440792,0.8,-0.7,4.65
0.0,0.0,0.5,-0.23334,1.0,0.0,0.290067,-0.506391,0.8,-0.7,4.198
0.0,0.0,0.5,0.111327,1.0,0.0,0.031877,-0.683818,0.8,-0.7,5.43
0.0,0.0,0.5,0.192669,1.0,0.0,0.050465,-0.690809,0.8,-0.7,5.628
0.0,0.0,0.5,-0.08446,1.0,0.0,0.156768,-0.588467,0.8,-0.7,4.675000000000001
0.0,0.0,0.5,-0.26278,1.0,0.0,0.070945,-0.753441,0.8,-0.7,4.924
0.0,0.0,0.5,0.006695,1.0,0.0,0.159219,-0.669817,0.8,-0.7,4.984999999999999
0.0,0.0,0.5,0.233176,1.0,0.0,0.041828,-0.765862,0.8,-0.7,5.915
0.0,0.0,0.5,0.077136,1.0,0.0,0.281223,-0.852246,0.8,-0.7,5.401000000000001
0.0,0.0,0.5,-0.294307,1.0,0.0,0.195001,-0.825687,0.8,-0.7,4.864
0.0,0.0,0.5,-0.072745,1.0,0.0,0.153896,-0.611673,0.8,-0.7,4.739
0.0,0.0,0.5,-0.010253,1.0,0.0,0.291121,-0.725264,0.8,-0.7,4.912
0.0,0.0,0.5,0.091404,1.0,0.0,0.208252,-0.558397,0.8,-0.7,4.902
0.0,0.0,0.5,-0.178163,1.0,0.0,0.12129,-0.636678,0.8,-0.7,4.694
0.0,0.0,0.5,0.072627,1.0,0.0,0.077599,-0.46223,0.8,-0.7,4.87
0.0,0.0,0.5,-0.141486,1.0,0.0,0.169977,-0.478606,0.8,-0.7,4.403
0.0,0.0,0.5,-0.122254,1.0,0.0,0.130603,-0.655334,0.8,-0.7,4.781
0.0,0.0,0.5,-0.099739,1.0,0.0,0.268584,-0.725926,0.8,-0.7,4.777
0.0,0.0,0.5,-0.162873,1.0,0.0,0.109744,-0.698151,0.8,-0.7,4.844
0.0,0.0,0.5,0.059125,1.0,0.0,0.001851,-0.751721,0.8,-0.7,5.497
0.0,0.0,0.5,-0.075056,1.0,0.0,0.206194,-0.40017,0.8,-0.7,4.335
0.0,0.0,0.5,-0.193563,1.0,0.0,0.073419,-0.812763,0.8,-0.7,5.103
0.0,0.0,0.5,0.051968,1.0,0.0,0.132128,-0.823454,0.8,-0.7,5.444
0.0,0.0,0.5,-0.102976,1.0,0.0,0.166447,-0.531235,0.8,-0.7,4.538
0.0,0.0,0.5,0.140286,1.0,0.0,0.188338,-0.686935,0.8,-0.7,5.293
0.0,0.0,0.5,-0.20992,1.0,0.0,0.197279,-0.900964,0.8,-0.7,5.111
0.0,0.0,0.5,0.093864,1.0,0.0,0.221972,-0.505977,0.8,-0.7,4.804
0.0,0.0,0.5,0.262545,1.0,0.0,0.190054,-0.802327,0.8,-0.7,5.892
0.0,0.0,0.5,0.131508,1.0,0.0,0.18035,-0.710107,0.8,-0.7,5.328
0.0,0.0,0.5,-0.206354,1.0,0.0,0.135772,-0.550559,0.8,-0.7,4.4990000000000006
0.0,0.0,0.5,-0.296263,1.0,0.0,0.169525,-0.925636,0.8,-0.7,5.128
0.0,0.0,0.5,-0.227515,1.0,0.0,0.100344,-0.671107,0.8,-0.7,4.744
0.0,0.0,0.5,0.240294,1.0,0.0,0.299344,-0.94292,0.8,-0.7,6.058
0.0,0.0,0.5,-0.201621,1.0,0.0,0.260306,-0.657157,0.8,-0.7,4.513999999999999
0.0,0.0,0.5,-0.282027,1.0,0.0,0.215829,-0.754659,0.8,-0.7,4.691
0.0,0.0,0.5,0.106911,1.0,0.0,0.173471,-0.713028,0.8,-0.7,5.28
0.0,0.0,0.5,-0.006839,1.0,0.0,0.165093,-0.632789,0.8,-0.7,4.879
0.0,0.0,0.5,-0.051073,1.0,0.0,0.054775,-0.429826,0.8,-0.7,4.632
0.0,0.0,0.5,0.091002,1.0,0.0,0.091301,-0.4258,0.8,-0.7,4.834
0.0,0.0,0.5,-0.247964,1.0,0.0,0.169357,-0.97461,0.8,-0.7,5.288
0.0,0.0,0.5,0.161906,1.0,0.0,0.134995,-0.921928,0.8,-0.7,5.947
0.0,0.0,0.5,-0.263398,1.0,0.0,0.14945,-0.438803,0.8,-0.7,4.29
0.0,0.0,0.5,0.013041,1.0,0.0,0.015846,-0.649657,0.8,-0.7,5.175
0.0,0.0,0.5,-0.246567,1.0,0.0,0.091484,-0.687498,0.8,-0.7,4.774
0.0,0.0,0.5,-0.230378,1.0,0.0,0.207758,-0.838588,0.8,-0.7,4.930000000000001
0.0,0.0,0.5,-0.276085,1.0,0.0,0.282624,-0.493421,0.8,-0.7,4.158
0.0,0.0,0.5,-0.193961,1.0,0.0,0.105439,-0.684281,0.8,-0.7,4.791
0.0,0.0,0.5,-0.021238,1.0,0.0,0.111522,-0.832673,0.8,-0.7,5.3420000000000005
0.0,0.0,0.5,0.194321,1.0,0.0,0.292663,-0.923667,0.8,-0.7,5.878
0.0,0.0,0.5,-0.196657,1.0,0.0,0.289572,-0.545055,0.8,-0.7,4.292
0.0,0.0,0.5,0.086211,1.0,0.0,0.12636,-0.880769,0.8,-0.7,5.664
0.0,0.0,0.5,0.067016,1.0,0.0,0.269508,-0.888986,0.8,-0.7,5.477
0.0,0.0,0.5,-0.220058,1.0,0.0,0.143951,-0.504137,0.8,-0.7,4.406000000000001
0.0,0.0,0.5,-0.106616,1.0,0.0,0.037396,-0.4438,0.8,-0.7,4.609
0.0,0.0,0.5,0.10886,1.0,0.0,0.15997,-0.768982,0.8,-0.7,5.420999999999999
0.0,0.0,0.5,-0.159529,1.0,0.0,0.27811,-0.62803,0.8,-0.7,4.489
0.0,0.0,0.5,0.014692,1.0,0.0,0.157939,-0.682937,0.8,-0.7,5.029
0.0,0.0,0.5,-0.085697,1.0,0.0,0.16543,-0.552583,0.8,-0.7,4.599
0.0,0.0,0.5,-0.247617,1.0,0.0,0.162127,-0.403874,0.8,-0.7,4.239
0.0,0.0,0.5,-0.174541,1.0,0.0,0.259489,-0.687503,0.8,-0.7,4.605
0.0,0.0,0.5,-0.056644,1.0,0.0,0.148973,-0.647464,0.8,-0.7,4.839
0.0,0.0,0.5,0.04415,1.0,0.0,0.269165,-0.86749,0.8,-0.7,5.372
0.0,0.0,0.5,-0.198333,1.0,0.0,0.161478,-0.455754,0.8,-0.7,4.329000000000001
0.0,0.0,0.5,-0.01651,1.0,0.0,0.145451,-0.701687,0.8,-0.7,5.022
0.0,0.0,0.5,-0.298044,1.0,0.0,0.025476,-0.900052,0.8,-0.7,5.286
0.0,0.0,0.5,-0.14523,1.0,0.0,0.053551,-0.940565,0.8,-0.7,5.48
0.0,0.0,0.5,0.049453,1.0,0.0,0.291777,-0.782344,0.8,-0.7,5.163
0.0,0.0,0.5,-0.006975,1.0,0.0,0.247946,-0.90124,0.8,-0.7,5.367
0.0,0.0,0.5,-0.196136,1.0,0.0,0.205461,-0.882019,0.8,-0.7,5.071
0.0,0.0,0.5,0.265716,1.0,0.0,0.204128,-0.749202,0.8,-0.7,5.768
0.0,0.0,0.5,0.165353,1.0,0.0,0.004884,-0.845817,0.8,-0.7,5.957
0.0,0.0,0.5,0.228819,1.0,0.0,0.075828,-0.625508,0.8,-0.7,5.564
0.0,0.0,0.5,0.109258,1.0,0.0,0.177283,-0.700126,0.8,-0.7,5.254
0.0,0.0,0.5,-0.21491,1.0,0.0,0.240387,-0.723542,0.8,-0.7,4.655
0.0,0.0,0.5,0.197219,1.0,0.0,0.166856,-0.829793,0.8,-0.7,5.787
0.0,0.0,0.5,-0.111658,1.0,0.0,0.056744,-0.961367,0.8,-0.7,5.571000000000001
0.0,0.0,0.5,0.093396,1.0,0.0,0.057573,-0.563105,0.8,-0.7,5.118
0.0,0.0,0.5,-0.001465,1.0,0.0,0.040645,-0.535956,0.8,-0.7,4.902
0.0,0.0,0.5,-0.172597,1.0,0.0,0.258689,-0.692648,0.8,-0.7,4.619
0.0,0.0,0.5,0.116371,1.0,0.0,0.205714,-0.593514,0.8,-0.7,5.029999999999999
0.0,0.0,0.5,0.284042,1.0,0.0,0.09184,-0.616683,0.8,-0.7,5.69
0.0,0.0,0.5,-0.184898,1.0,0.0,0.11045,-0.673304,0.8,-0.7,4.772
0.0,0.0,0.5,-0.231777,1.0,0.0,0.197391,-0.87866,0.8,-0.7,5.035
0.0,0.0,0.5,0.028165,1.0,0.0,0.190778,-0.565052,0.8,-0.7,4.792
0.0,0.0,0.5,0.007435,1.0,0.0,0.009411,-0.66979,0.8,-0.7,5.214
0.0,0.0,0.5,-0.06328,1.0,0.0,0.200018,-0.43665,0.8,-0.7,4.409
0.0,0.0,0.5,0.292543,1.0,0.0,0.256393,-0.56697,0.8,-0.7,5.437
0.0,0.0,0.5,0.04691,1.0,0.0,0.261948,-0.899119,0.8,-0.7,5.463
0.0,0.0,0.5,-0.010482,1.0,0.0,0.100336,-0.888174,0.8,-0.7,5.505999999999999
0.0,0.0,0.5,0.177503,1.0,0.0,0.237718,-0.526629,0.8,-0.7,5.04
0.0,0.0,0.5,-0.207781,1.0,0.0,0.015532,-0.430092,0.8,-0.7,4.545999999999999
0.0,0.0,0.5,-0.221141,1.0,0.0,0.299663,-0.480206,0.8,-0.7,4.162
0.0,0.0,0.5,-0.103456,1.0,0.0,0.192648,-0.425952,0.8,-0.7,4.346
0.0,0.0,0.5,-0.034457,1.0,0.0,0.131811,-0.738297,0.8,-0.7,5.083
0.0,0.0,0.5,0.10868,1.0,0.0,0.020384,-0.727146,0.8,-0.7,5.53
0.0,0.0,0.5,-0.182244,1.0,0.0,0.165829,-0.454438,0.8,-0.7,4.335
0.0,0.0,0.5,0.234935,1.0,0.0,0.287971,-0.983049,0.8,-0.7,6.156
0.0,0.0,0.5,-0.270449,1.0,0.0,0.170395,-0.947971,0.8,-0.7,5.201
0.0,0.0,0.5,-0.248523,1.0,0.0,0.066008,-0.787446,0.8,-0.7,5.012
0.0,0.0,0.5,0.214851,1.0,0.0,0.154207,-0.898023,0.8,-0.7,6.016
0.0,0.0,0.5,-0.025537,1.0,0.0,0.290847,-0.711076,0.8,-0.7,4.852
0.0,0.0,0.5,0.113014,1.0,0.0,0.157493,-0.783041,0.8,-0.7,5.466
0.0,0.0,0.5,-0.125102,1.0,0.0,0.206061,-0.950654,0.8,-0.7,5.33
0.0,0.0,0.5,0.228605,1.0,0.0,0.088535,-0.574465,0.8,-0.7,5.448
0.0,0.0,0.5,-0.06201,1.0,0.0,0.284688,-0.699238,0.8,-0.7,4.767
0.0,0.0,0.5,0.157392,1.0,0.0,0.050533,-0.655261,0.8,-0.7,5.460999999999999
0.0,0.0,0.5,0.257758,1.0,0.0,0.092224,-0.58886,0.8,-0.7,5.556
0.0,0.0,0.5,0.294851,1.0,0.0,0.203564,-0.780596,0.8,-0.7,5.930000000000001
0.0,0.0,0.5,-0.003835,1.0,0.0,0.17054,-0.614007,0.8,-0.7,4.842
0.0,0.0,0.5,-0.079482,1.0,0.0,0.103226,-0.807616,0.8,-0.7,5.197
0.0,0.0,0.5,0.047075,1.0,0.0,0.220538,-0.464925,0.8,-0.7,4.634
0.0,0.0,0.5,-0.283843,1.0,0.0,0.117294,-0.546981,0.8,-0.7,4.475
0.0,0.0,0.5,-0.2131,1.0,0.0,0.206741,-0.859935,0.8,-0.7,4.999
0.0,0.0,0.5,-0.063988,1.0,0.0,0.256413,-0.81036,0.8,-0.7,5.035
0.0,0.0,0.5,-0.158582,1.0,0.0,0.167649,-0.47082,0.8,-0.7,4.377
0.0,0.0,0.5,-0.171746,1.0,0.0,0.038523,-0.97416,0.8,-0.7,5.55
0.0,0.0,0.5,-0.024073,1.0,0.0,0.071774,-0.98883,0.8,-0.7,5.763
0.0,0.0,0.5,0.073502,1.0,0.0,0.2707,-0.890702,0.8,-0.7,5.496
0.0,0.0,0.5,0.276055,1.0,0.0,0.13604,-0.431897,0.8,-0.7,5.282
0.0,0.0,0.5,0.065236,1.0,0.0,0.125459,-0.863402,0.8,-0.7,5.575
0.0,0.0,0.5,-0.137773,1.0,0.0,0.097158,-0.773595,0.8,-0.7,5.048
0.0,0.0,0.5,-0.297457,1.0,0.0,0.029829,-0.883225,0.8,-0.7,5.242
0.0,0.0,0.5,-0.296494,1.0,0.0,0.14761,-0.413066,0.8,-0.7,4.259
0.0,0.0,0.5,-0.073639,1.0,0.0,0.267743,-0.75539,0.8,-0.7,4.883
0.0,0.0,0.5,0.173497,1.0,0.0,0.188597,-0.71911,0.8,-0.7,5.449
0.0,0.0,0.5,0.086494,1.0,0.0,0.005221,-0.765611,0.8,-0.7,5.583
0.0,0.0,0.5,0.032274,1.0,0.0,0.18318,-0.599555,0.8,-0.7,4.872
0.0,0.0,0.5,-0.156285,1.0,0.0,0.045472,-0.961829,0.8,-0.7,5.528
0.0,0.0,0.5,-0.02359,1.0,0.0,0.220004,-0.996396,0.8,-0.7,5.603999999999999
0.0,0.0,0.5,0.079463,1.0,0.0,0.001027,-0.775355,0.8,-0.7,5.594
0.0,0.0,0.5,-0.046592,1.0,0.0,0.068772,-0.978318,0.8,-0.7,5.7
0.0,0.0,0.5,0.063845,1.0,0.0,0.187178,-0.615135,0.8,-0.7,4.966
0.0,0.0,0.5,-0.052942,1.0,0.0,0.274637,-0.748509,0.8,-0.7,4.897
0.0,0.0,0.5,-0.087448,1.0,0.0,0.104482,-0.794625,0.8,-0.7,5.154
0.0,0.0,0.5,-0.158092,1.0,0.0,0.214868,-0.882437,0.8,-0.7,5.107
0.0,0.0,0.5,-0.128972,1.0,0.0,0.234347,-0.833642,0.8,-0.7,5.009
0.0,0.0,0.5,0.240204,1.0,0.0,0.204389,-0.72265,0.8,-0.7,5.632
0.0,0.0,0.5,-0.160382,1.0,0.0,0.108856,-0.704195,0.8,-0.7,4.861
0.0,0.0,0.5,-0.209824,1.0,0.0,0.20609,-0.865814,0.8,-0.7,5.017
0.0,0.0,0.5,0.150043,1.0,0.0,0.258878,-0.414529,0.8,-0.7,4.772
0.0,0.0,0.5,-0.021037,1.0,0.0,0.107793,-0.84779,0.8,-0.7,5.382
0.0,0.0,0.5,0.297692,1.0,0.0,0.052829,-0.786374,0.8,-0.7,6.141
0.0,0.0,0.5,-0.249255,1.0,0.0,0.091408,-0.685112,0.8,-0.7,4.768
0.0,0.0,0.5,-0.231,1.0,0.0,0.29711,-0.480559,0.8,-0.7,4.156
0.0,0.0,0.5,-0.169572,1.0,0.0,0.017181,-0.461704,0.8,-0.7,4.609
0.0,0.0,0.5,-0.223938,1.0,0.0,0.198238,-0.88311,0.8,-0.7,5.0520000000000005
0.0,0.0,0.5,0.291959,1.0,0.0,0.092922,-0.620271,0.8,-0.7,5.721
0.0,0.0,0.5,0.260532,1.0,0.0,0.236235,-0.615592,0.8,-0.7,5.445
0.0,0.0,0.5,-0.175875,1.0,0.0,0.264162,-0.667477,0.8,-0.7,4.558999999999999
0.0,0.0,0.5,-0.019573,1.0,0.0,0.28186,-0.752986,0.8,-0.7,4.962000000000001
0.0,0.0,0.5,0.141829,1.0,0.0,0.094055,-0.465608,0.8,-0.7,5.014
0.0,0.0,0.5,-0.138567,1.0,0.0,0.017271,-0.492347,0.8,-0.7,4.68
0.0,0.0,0.5,-0.246504,1.0,0.0,0.034355,-0.916074,0.8,-0.7,5.345
0.0,0.0,0.5,-0.01376,1.0,0.0,0.240549,-0.924044,0.8,-0.7,5.418
0.0,0.0,0.5,0.052624,1.0,0.0,0.057049,-0.524428,0.8,-0.7,4.962000000000001
0.0,0.0,0.5,-0.02808,1.0,0.0,0.261017,-0.827851,0.8,-0.7,5.136
0.0,0.0,0.5,0.109508,1.0,0.0,0.009883,-0.769975,0.8,-0.7,5.639
0.0,0.0,0.5,0.248537,1.0,0.0,0.238318,-0.595263,0.8,-0.7,5.368
0.0,0.0,0.5,-0.244891,1.0,0.0,0.199938,-0.855355,0.8,-0.7,4.965
0.0,0.0,0.5,0.151495,1.0,0.0,0.279467,-0.933628,0.8,-0.7,5.795
0.0,0.0,0.5,-0.174882,1.0,0.0,0.167353,-0.455706,0.8,-0.7,4.341
0.0,0.0,0.5,0.114042,1.0,0.0,0.046753,-0.627031,0.8,-0.7,5.3020000000000005
0.0,0.0,0.5,0.018441,1.0,0.0,0.28356,-0.7842,0.8,-0.7,5.107
0.0,0.0,0.5,0.216702,1.0,0.0,0.169513,-0.838652,0.8,-0.7,5.861
0.0,0.0,0.5,0.26711,1.0,0.0,0.034453,-0.829298,0.8,-0.7,6.169
0.0,0.0,0.5,0.28323,1.0,0.0,0.03336,-0.84979,0.8,-0.7,6.267
0.0,0.0,0.5,0.069099,1.0,0.0,0.142657,-0.798472,0.8,-0.7,5.413
0.0,0.0,0.5,0.174348,1.0,0.0,0.102259,-0.465311,0.8,-0.7,5.087000000000001
0.0,0.0,0.5,-0.205896,1.0,0.0,0.041545,-0.927923,0.8,-0.7,5.398
0.0,0.0,0.5,0.27039,1.0,0.0,0.233303,-0.637179,0.8,-0.7,5.52
0.0,0.0,0.5,-0.111951,1.0,0.0,0.134135,-0.65151,0.8,-0.7,4.783
0.0,0.0,0.5,-0.163691,1.0,0.0,0.262918,-0.684635,0.8,-0.7,4.609
0.0,0.0,0.5,-0.016674,1.0,0.0,0.06461,-0.424888,0.8,-0.7,4.662
0.0,0.0,0.5,-0.173988,1.0,0.0,0.177161,-0.417367,0.8,-0.7,4.279
0.0,0.0,0.5,-0.213726,1.0,0.0,0.017665,-0.415612,0.8,-0.7,4.522
0.0,0.0,0.5,-0.135465,1.0,0.0,0.044329,-0.987221,0.8,-0.7,5.617999999999999
0.0,0.0,0.5,0.251798,1.0,0.0,0.238421,-0.598113,0.8,-0.7,5.383
0.0,0.0,0.5,0.234506,1.0,0.0,0.1505,-0.932507,0.8,-0.7,6.163
0.0,0.0,0.5,-0.204066,1.0,0.0,0.250562,-0.693686,0.8,-0.7,4.594
0.0,0.0,0.5,0.097435,1.0,0.0,0.290359,-0.836,0.8,-0.7,5.403
0.0,0.0,0.5,0.094536,1.0,0.0,0.212299,-0.54534,0.8,-0.7,4.883
0.0,0.0,0.5,0.071742,1.0,0.0,0.246945,-0.983963,0.8,-0.7,5.751
0.0,0.0,0.5,-0.28041,1.0,0.0,0.08131,-0.694351,0.8,-0.7,4.782
0.0,0.0,0.5,0.295983,1.0,0.0,0.238143,-0.64341,0.8,-0.7,5.6080000000000005
0.0,0.0,0.5,0.237634,1.0,0.0,0.206972,-0.709747,0.8,-0.7,5.594
0.0,0.0,0.5,-0.208025,1.0,0.0,0.051501,-0.885971,0.8,-0.7,5.284
0.0,0.0,0.5,0.010349,1.0,0.0,0.152822,-0.699061,0.8,-0.7,5.059
0.0,0.0,0.5,0.260818,1.0,0.0,0.034088,-0.824465,0.8,-0.7,6.139
0.0,0.0,0.5,0.159928,1.0,0.0,0.047433,-0.670197,0.8,-0.7,5.502
0.0,0.0,0.5,0.169988,1.0,0.0,0.25385,-0.454586,0.8,-0.7,4.889
0.0,0.0,0.5,0.06152,1.0,0.0,0.224463,-0.463666,0.8,-0.7,4.66
0.0,0.0,0.5,0.291667,1.0,0.0,0.26607,-0.527387,0.8,-0.7,5.357
0.0,0.0,0.5,-0.215491,1.0,0.0,0.208917,-0.84884,0.8,-0.7,4.968
0.0,0.0,0.5,-0.06132,1.0,0.0,0.226624,-0.932186,0.8,-0.7,5.364
0.0,0.0,0.5,0.024925,1.0,0.0,0.091525,-0.958823,0.8,-0.7,5.760000000000001
0.0,0.0,0.5,0.16492,1.0,0.0,0.06104,-0.620758,0.8,-0.7,5.398
0.0,0.0,0.5,-0.020749,1.0,0.0,0.069269,-0.402174,0.8,-0.7,4.6160000000000005
0.0,0.0,0.5,-0.165958,1.0,0.0,0.221896,-0.84646,0.8,-0.7,5.004
0.0,0.0,0.5,-0.19811,1.0,0.0,0.262657,-0.651261,0.8,-0.7,4.504
0.0,0.0,0.5,-0.152802,1.0,0.0,0.283821,-0.611914,0.8,-0.7,4.463
0.0,0.0,0.5,0.006963,1.0,0.0,0.055581,-0.484638,0.8,-0.7,4.809
0.0,0.0,0.5,-0.18239,1.0,0.0,0.290662,-0.55496,0.8,-0.7,4.322
0.0,0.0,0.5,0.166428,1.0,0.0,0.194689,-0.68767,0.8,-0.7,5.357
0.0,0.0,0.5,-0.146265,1.0,0.0,0.030859,-0.430299,0.8,-0.7,4.562
0.0,0.0,0.5,-0.207623,1.0,0.0,0.147725,-0.501476,0.8,-0.7,4.405
0.0,0.0,0.5,0.00552,1.0,0.0,0.131137,-0.780973,0.8,-0.7,5.252
0.0,0.0,0.5,0.178106,1.0,0.0,0.252662,-0.467458,0.8,-0.7,4.932
0.0,0.0,0.5,0.227483,1.0,0.0,0.157194,-0.898706,0.8,-0.7,6.051
0.0,0.0,0.5,-0.100033,1.0,0.0,0.222884,-0.908432,0.8,-0.7,5.244000000000001
0.0,0.0,0.5,-0.111911,1.0,0.0,0.01272,-0.537207,0.8,-0.7,4.7860000000000005
0.0,0.0,0.5,0.020122,1.0,0.0,0.022596,-0.629739,0.8,-0.7,5.14
0.0,0.0,0.5,0.175002,1.0,0.0,0.159384,-0.837468,0.8,-0.7,5.752
0.0,0.0,0.5,0.152603,1.0,0.0,0.287756,-0.901577,0.8,-0.7,5.709
0.0,0.0,0.5,-0.042326,1.0,0.0,0.20958,-0.419355,0.8,-0.7,4.408
0.0,0.0,0.5,-0.24304,1.0,0.0,0.067168,-0.788288,0.8,-0.7,5.016
0.0,0.0,0.5,0.053376,1.0,0.0,0.220408,-0.471743,0.8,-0.7,4.658
0.0,0.0,0.5,0.094452,1.0,0.0,0.265443,-0.93268,0.8,-0.7,5.657
0.0,0.0,0.5,0.022458,1.0,0.0,0.045417,-0.54079,0.8,-0.7,4.947
0.0,0.0,0.5,0.279068,1.0,0.0,0.262541,-0.528905,0.8,-0.7,5.322
0.0,0.0,0.5,0.175135,1.0,0.0,0.282952,-0.943327,0.8,-0.7,5.882
0.0,0.0,0.5,-0.02712,1.0,0.0,0.180538,-0.550729,0.8,-0.7,4.673
0.0,0.0,0.5,0.108282,1.0,0.0,0.108569,-0.974007,0.8,-0.7,5.969
0.0,0.0,0.5,-0.285579,1.0,0.0,0.054827,-0.795113,0.8,-0.7,5.0200000000000005
0.0,0.0,0.5,-0.075883,1.0,0.0,0.087695,-0.873336,0.8,-0.7,5.373
0.0,0.0,0.5,-0.09113,1.0,0.0,0.008839,-0.573512,0.8,-0.7,4.879
0.0,0.0,0.5,-0.103618,1.0,0.0,0.168065,-0.524123,0.8,-0.7,4.523
0.0,0.0,0.5,-0.2482,1.0,0.0,0.054001,-0.835796,0.8,-0.7,5.134
0.0,0.0,0.5,-0.255354,1.0,0.0,0.137986,-0.492702,0.8,-0.7,4.378
0.0,0.0,0.5,0.101087,1.0,0.0,0.085636,-0.458544,0.8,-0.7,4.916
0.0,0.0,0.5,-0.078647,1.0,0.0,0.256625,-0.794854,0.8,-0.7,4.974
0.0,0.0,0.5,0.185285,1.0,0.0,0.27506,-0.985046,0.8,-0.7,6.026
0.0,0.0,0.5,0.117755,1.0,0.0,0.016526,-0.751652,0.8,-0.7,5.61
0.0,0.0,0.5,0.132616,1.0,0.0,0.187842,-0.681247,0.8,-0.7,5.2620000000000005
0.0,0.0,0.5,0.248736,1.0,0.0,0.266741,-0.481771,0.8,-0.7,5.148
0.0,0.0,0.5,-0.209528,1.0,0.0,0.234777,-0.751362,0.8,-0.7,4.726
0.0,0.0,0.5,-0.023075,1.0,0.0,0.221637,-0.990379,0.8,-0.7,5.588
0.0,0.0,0.5,0.205314,1.0,0.0,0.052255,-0.696293,0.8,-0.7,5.672
0.0,0.0,0.5,0.165855,1.0,0.0,0.05045,-0.664053,0.8,-0.7,5.501
0.0,0.0,0.5,0.203606,1.0,0.0,0.090418,-0.541933,0.8,-0.7,5.315
0.0,0.0,0.5,-0.067886,1.0,0.0,0.075835,-0.928775,0.8,-0.7,5.533
0.0,0.0,0.5,-0.086131,1.0,0.0,0.098839,-0.818513,0.8,-0.7,5.2170000000000005
0.0,0.0,0.5,0.082866,1.0,0.0,0.295628,-0.800354,0.8,-0.7,5.279
0.0,0.0,0.5,0.060851,1.0,0.0,0.111204,-0.916033,0.8,-0.7,5.709
0.0,0.0,0.5,-0.028161,1.0,0.0,0.034712,-0.53299,0.8,-0.7,4.861
0.0,0.0,0.5,-0.150135,1.0,0.0,0.231254,-0.824848,0.8,-0.7,4.963
0.0,0.0,0.5,0.186518,1.0,0.0,0.06508,-0.626199,0.8,-0.7,5.460999999999999
0.0,0.0,0.5,-0.160936,1.0,0.0,0.278314,-0.625809,0.8,-0.7,4.483
0.0,0.0,0.5,0.126835,1.0,0.0,0.299337,-0.829485,0.8,-0.7,5.455
0.0,0.0,0.5,-0.118279,1.0,0.0,0.159456,-0.543898,0.8,-0.7,4.547
0.0,0.0,0.5,0.271549,1.0,0.0,0.171117,-0.887081,0.8,-0.7,6.141
0.0,0.0,0.5,-0.229532,1.0,0.0,0.095597,-0.688079,0.8,-0.7,4.782
0.0,0.0,0.5,0.256793,1.0,0.0,0.023852,-0.861384,0.8,-0.7,6.226
0.0,0.0,0.5,-0.145026,1.0,0.0,0.259355,-0.717556,0.8,-0.7,4.704
0.0,0.0,0.5,-0.073245,1.0,0.0,0.279705,-0.707934,0.8,-0.7,4.771
0.0,0.0,0.5,0.174317,1.0,0.0,0.103283,-0.461185,0.8,-0.7,5.079000000000001
0.0,0.0,0.5,0.198681,1.0,0.0,0.247012,-0.510632,0.8,-0.7,5.064
0.0,0.0,0.5,-0.19681,1.0,0.0,0.235836,-0.759847,0.8,-0.7,4.756
0.0,0.0,0.5,-0.057689,1.0,0.0,0.106994,-0.814334,0.8,-0.7,5.242
0.0,0.0,0.5,0.244865,1.0,0.0,0.02202,-0.856786,0.8,-0.7,6.182
0.0,0.0,0.5,0.195995,1.0,0.0,0.27966,-0.977354,0.8,-0.7,6.033
0.0,0.0,0.5,-0.04628,1.0,0.0,0.077136,-0.945177,0.8,-0.7,5.6080000000000005
0.0,0.0,0.5,0.13346,1.0,0.0,0.114676,-0.974756,0.8,-0.7,6.027
0.0,0.0,0.5,-0.173604,1.0,0.0,0.071558,-0.840163,0.8,-0.7,5.188
0.0,0.0,0.5,0.278614,1.0,0.0,0.266259,-0.513579,0.8,-0.7,5.292
0.0,0.0,0.5,0.002804,1.0,0.0,0.037661,-0.552161,0.8,-0.7,4.942
0.0,0.0,0.5,0.202367,1.0,0.0,0.00607,-0.878086,0.8,-0.7,6.131
0.0,0.0,0.5,-0.257614,1.0,0.0,0.271541,-0.556221,0.8,-0.7,4.274
0.0,0.0,0.5,0.203868,1.0,0.0,0.021015,-0.819806,0.8,-0.7,5.98
0.0,0.0,0.5,-0.132798,1.0,0.0,0.274802,-0.667993,0.8,-0.7,4.603999999999999
0.0,0.0,0.5,0.080034,1.0,0.0,0.145531,-0.797909,0.8,-0.7,5.433999999999999
0.0,0.0,0.5,0.148061,1.0,0.0,0.168153,-0.77545,0.8,-0.7,5.527
0.0,0.0,0.5,0.228597,1.0,0.0,0.214993,-0.668627,0.8,-0.7,5.473999999999999
0.0,0.0,0.5,0.118852,1.0,0.0,0.254999,-0.998857,0.8,-0.7,5.9
0.0,0.0,0.5,0.046954,1.0,0.0,0.186706,-0.60013,0.8,-0.7,4.901
0.0,0.0,0.5,-0.038734,1.0,0.0,0.184113,-0.524814,0.8,-0.7,4.603999999999999
0.0,0.0,0.5,0.190015,1.0,0.0,0.18491,-0.750375,0.8,-0.7,5.567
0.0,0.0,0.5,-0.252569,1.0,0.0,0.297364,-0.457974,0.8,-0.7,4.11
0.0,0.0,0.5,0.042582,1.0,0.0,0.020115,-0.662123,0.8,-0.7,5.251
0.0,0.0,0.5,-0.225749,1.0,0.0,0.156441,-0.448489,0.8,-0.7,4.309
0.0,0.0,0.5,0.022352,1.0,0.0,0.24376,-0.947313,0.8,-0.7,5.548
0.0,0.0,0.5,-0.242682,1.0,0.0,0.189751,-0.898314,0.8,-0.7,5.081
0.0,0.0,0.5,-0.075035,1.0,0.0,0.054664,-0.40631,0.8,-0.7,4.566
0.0,0.0,0.5,0.162925,1.0,0.0,0.27853,-0.948804,0.8,-0.7,5.866
0.0,0.0,0.5,0.129538,1.0,0.0,0.214519,-0.571463,0.8,-0.7,5.014
0.0,0.0,0.5,-0.149115,1.0,0.0,0.161028,-0.506775,0.8,-0.7,4.449
0.0,0.0,0.5,0.228492,1.0,0.0,0.251208,-0.523662,0.8,-0.7,5.169
0.0,0.0,0.5,-0.037219,1.0,0.0,0.057171,-0.434097,0.8,-0.7,4.655
0.0,0.0,0.5,-0.09414,1.0,0.0,0.208137,-0.973313,0.8,-0.7,5.433000000000001
0.0,0.0,0.5,-0.225582,1.0,0.0,0.163458,-0.420586,0.8,-0.7,4.265
0.0,0.0,0.5,-0.108209,1.0,0.0,0.287765,-0.64073,0.8,-0.7,4.574
0.0,0.0,0.5,-0.126264,1.0,0.0,0.285801,-0.630532,0.8,-0.7,4.531000000000001
0.0,0.0,0.5,-0.036997,1.0,0.0,0.245261,-0.881959,0.8,-0.7,5.263999999999999
0.0,0.0,0.5,0.220989,1.0,0.0,0.028431,-0.807267,0.8,-0.7,5.989999999999999
0.0,0.0,0.5,-0.292389,1.0,0.0,0.110758,-0.56458,0.8,-0.7,4.508
0.0,0.0,0.5,0.278394,1.0,0.0,0.298699,-0.983597,0.8,-0.7,6.284
0.0,0.0,0.5,0.080409,1.0,0.0,0.284163,-0.843756,0.8,-0.7,5.385
0.0,0.0,0.5,-0.04353,1.0,0.0,0.224069,-0.960192,0.8,-0.7,5.469
0.0,0.0,0.5,0.082237,1.0,0.0,0.144946,-0.802454,0.8,-0.7,5.45
0.0,0.0,0.5,0.269035,1.0,0.0,0.297052,-0.980829,0.8,-0.7,6.248
0.0,0.0,0.5,-0.052502,1.0,0.0,0.225184,-0.946762,0.8,-0.7,5.418
0.0,0.0,0.5,0.144132,1.0,0.0,0.093538,-0.469978,0.8,-0.7,5.0280000000000005
0.0,0.0,0.5,-0.064804,1.0,0.0,0.257298,-0.806003,0.8,-0.7,5.022
0.0,0.0,0.5,-0.040367,1.0,0.0,0.024535,-0.561492,0.8,-0.7,4.906
0.0,0.0,0.5,0.101687,1.0,0.0,0.013924,-0.745989,0.8,-0.7,5.563000000000001
0.0,0.0,0.5,-0.176512,1.0,0.0,0.002964,-0.511631,0.8,-0.7,4.7
0.0,0.0,0.5,-0.158129,1.0,0.0,0.180605,-0.419452,0.8,-0.7,4.291
0.0,0.0,0.5,-0.162059,1.0,0.0,0.068853,-0.862527,0.8,-0.7,5.255
0.0,0.0,0.5,0.10802,1.0,0.0,0.072649,-0.517426,0.8,-0.7,5.05
0.0,0.0,0.5,0.265489,1.0,0.0,0.095592,-0.58312,0.8,-0.7,5.564
0.0,0.0,0.5,0.284303,1.0,0.0,0.218373,-0.710811,0.8,-0.7,5.728
0.0,0.0,0.5,0.15125,1.0,0.0,0.249648,-0.452657,0.8,-0.7,4.839
0.0,0.0,0.5,0.060608,1.0,0.0,0.215721,-0.497724,0.8,-0.7,4.720000000000001
0.0,0.0,0.5,-0.13194,1.0,0.0,0.250554,-0.765845,0.8,-0.7,4.834
0.0,0.0,0.5,-0.077486,1.0,0.0,0.07826,-0.909473,0.8,-0.7,5.468
0.0,0.0,0.5,0.138677,1.0,0.0,0.089909,-0.47904,0.8,-0.7,5.034000000000001
0.0,0.0,0.5,-0.271245,1.0,0.0,0.022472,-0.938867,0.8,-0.7,5.397
0.0,0.0,0.5,0.270535,1.0,0.0,0.136146,-0.425952,0.8,-0.7,5.255
0.0,0.0,0.5,-0.003141,1.0,0.0,0.15704,-0.668699,0.8,-0.7,4.966
0.0,0.0,0.5,0.127728,1.0,0.0,0.105231,-0.406804,0.8,-0.7,4.872
0.0,0.0,0.5,0.074311,1.0,0.0,0.086453,-0.428499,0.8,-0.7,4.808
0.0,0.0,0.5,-0.060414,1.0,0.0,0.248899,-0.843989,0.8,-0.7,5.127
0.0,0.0,0.5,0.136526,1.0,0.0,0.063404,-0.582908,0.8,-0.7,5.25
0.0,0.0,0.5,0.129449,1.0,0.0,0.157557,-0.79922,0.8,-0.7,5.5440000000000005
0.0,0.0,0.5,0.275412,1.0,0.0,0.287037,-0.427263,0.8,-0.7,5.133
0.0,0.0,0.5,-0.093702,1.0,0.0,0.15973,-0.567377,0.8,-0.7,4.62
0.0,0.0,0.5,-0.114942,1.0,0.0,0.222892,-0.893491,0.8,-0.7,5.1850000000000005
0.0,0.0,0.5,-0.292392,1.0,0.0,0.186562,-0.86136,0.8,-0.7,4.957
0.0,0.0,0.5,0.11124,1.0,0.0,0.144241,-0.834277,0.8,-0.7,5.594
0.0,0.0,0.5,0.06856,1.0,0.0,0.188007,-0.616533,0.8,-0.7,4.978
0.0,0.0,0.5,0.180857,1.0,0.0,0.19995,-0.681058,0.8,-0.7,5.378
0.0,0.0,0.5,-0.066455,1.0,0.0,0.26084,-0.790183,0.8,-0.7,4.98
0.0,0.0,0.5,-0.034806,1.0,0.0,0.152418,-0.65552,0.8,-0.7,4.887
0.0,0.0,0.5,0.073546,1.0,0.0,0.023063,-0.681294,0.8,-0.7,5.351
0.0,0.0,0.5,0.126754,1.0,0.0,0.231257,-0.501727,0.8,-0.7,4.87
0.0,0.0,0.5,0.17822,1.0,0.0,0.150221,-0.877335,0.8,-0.7,5.866
0.0,0.0,0.5,0.122122,1.0,0.0,0.232453,-0.49231,0.8,-0.7,4.841
0.0,0.0,0.5,0.265332,1.0,0.0,0.030128,-0.844818,0.8,-0.7,6.204999999999999
0.0,0.0,0.5,-0.238761,1.0,0.0,0.264606,-0.602815,0.8,-0.7,4.375
0.0,0.0,0.5,0.00605,1.0,0.0,0.211554,-0.459833,0.8,-0.7,4.551
0.0,0.0,0.5,-0.290985,1.0,0.0,0.280423,-0.487323,0.8,-0.7,4.144
0.0,0.0,0.5,0.090551,1.0,0.0,0.182354,-0.661135,0.8,-0.7,5.123
0.0,0.0,0.5,0.154761,1.0,0.0,0.284523,-0.916671,0.8,-0.7,5.756
0.0,0.0,0.5,-0.059629,1.0,0.0,0.112545,-0.790193,0.8,-0.7,5.178
0.0,0.0,0.5,-0.209884,1.0,0.0,0.245085,-0.709776,0.8,-0.7,4.627
0.0,0.0,0.5,0.04054,1.0,0.0,0.038117,-0.588073,0.8,-0.7,5.079000000000001
0.0,0.0,0.5,0.113128,1.0,0.0,0.07008,-0.532808,0.8,-0.7,5.0920000000000005
0.0,0.0,0.5,-0.205056,1.0,0.0,0.294707,-0.516115,0.8,-0.7,4.233
0.0,0.0,0.5,-0.001524,1.0,0.0,0.250171,-0.897793,0.8,-0.7,5.367
0.0,0.0,0.5,-0.131065,1.0,0.0,0.020849,-0.48554,0.8,-0.7,4.670999999999999
0.0,0.0,0.5,0.249639,1.0,0.0,0.276227,-0.444731,0.8,-0.7,5.087000000000001
0.0,0.0,0.5,0.109874,1.0,0.0,0.148017,-0.817804,0.8,-0.7,5.548
0.0,0.0,0.5,0.259611,1.0,0.0,0.06703,-0.691492,0.8,-0.7,5.8
0.0,0.0,0.5,0.254509,1.0,0.0,0.039715,-0.79565,0.8,-0.7,6.047000000000001
0.0,0.0,0.5,-0.105276,1.0,0.0,0.210598,-0.95233,0.8,-0.7,5.359
0.0,0.0,0.5,-0.292088,1.0,0.0,0.276285,-0.502772,0.8,-0.7,4.169
0.0,0.0,0.5,-0.292394,1.0,0.0,0.030134,-0.88707,0.8,-0.7,5.253
0.0,0.0,0.5,0.105747,1.0,0.0,0.099741,-0.406783,0.8,-0.7,4.827
0.0,0.0,0.5,-0.015779,1.0,0.0,0.037498,-0.53423,0.8,-0.7,4.879
0.0,0.0,0.5,-0.104612,1.0,0.0,0.154194,-0.578612,0.8,-0.7,4.632
0.0,0.0,0.5,0.23843,1.0,0.0,0.080073,-0.61814,0.8,-0.7,5.572
0.0,0.0,0.5,-0.165737,1.0,0.0,0.294043,-0.558091,0.8,-0.7,4.343
0.0,0.0,0.5,0.026701,1.0,0.0,0.224613,-0.42825,0.8,-0.7,4.531999999999999
0.0,0.0,0.5,-0.26054,1.0,0.0,0.184642,-0.900893,0.8,-0.7,5.077
0.0,0.0,0.5,-0.215368,1.0,0.0,0.195643,-0.902062,0.8,-0.7,5.11
0.0,0.0,0.5,0.050758,1.0,0.0,0.257533,-0.920627,0.8,-0.7,5.53
0.0,0.0,0.5,-0.113944,1.0,0.0,0.09723,-0.797137,0.8,-0.7,5.131
0.0,0.0,0.5,0.287062,1.0,0.0,0.192658,-0.816431,0.8,-0.7,5.998
0.0,0.0,0.5,0.041306,1.0,0.0,0.019297,-0.664118,0.8,-0.7,5.254
0.0,0.0,0.5,0.044293,1.0,0.0,0.228039,-0.432138,0.8,-0.7,4.571000000000001
0.0,0.0,0.5,-0.283446,1.0,0.0,0.157456,-0.98673,0.8,-0.7,5.303000000000001
